Workbook

Sheet Daily Checklist
A1: Day | B1: Date | C1: Task | D1: Category | E1: Status | F1: Notes
A2: 1 | B2: 2024-11-24 | C2: Unity 프로젝트 생성 및 버전 관리 설정 | D2: 프로젝트 초기 설정 | E2: o
A3: 1 | B3: 2024-11-24 | C3: Input System 패키지 설치 및 액션 맵 구성 | D3: Input System 구축 | E3: o
A4: 2 | B4: 2024-11-25 | C4: 기본 이동 및 점프 메커니즘 완성 (5단계) | D4: 3인칭 이동·점프 구현 | E4: o
A5: 3 | B5: 2024-11-26 | C5: Blockout 테스트 맵 제작 (5단계) | D5: 테스트 맵 제작 | E5: o
A6: 4 | B6: 2024-11-27 | C6: 이동/점프 테스트용 플랫폼 배치 및 ProBuilder 활용 | D6: 기본 플랫폼 배치 | E6: o
A7: 5 | B7: 2024-11-28 | C7: Blender 기본 조작 익히기 (5단계) | D7: Blender 기초 학습 | E7: o
A8: 6 | B8: 2024-11-29 | C8: 기본 블록/큐브 모델 제작 (5단계) | D8: 기본 모델 제작 | E8: o
A9: 7 | B9: 2024-11-30 | C9: FBX 익스포트 설정 및 머티리얼 파이프라인 구축 (5단계) | D9: Unity 임포트 파이프라인 | E9: o
A10: 8 | B10: 2024-12-01 | C10: 카메라 시스템 기본 설정 | D10: Cinemachine 설정 | E10: o
A11: 9 | B11: 2024-12-02 | C11: 캐릭터 추적, 회전, 줌 기능 완성 (5단계) | D11: 3인칭 카메라 구현 | E11: o
A12: 10 | B12: 2024-12-03 | C12: 구현된 기능 전체 통합 테스트 (5단계) | D12: 통합 테스트 | E12: o
A13: 11 | B13: 2024-12-04 | C13: 전체 구조 점검 및 개선 | D13: 버그 수정 및 리팩토링 | E13: o
... A15: 13 | B15: 2024-12-06 | C15: Stick 시간 관리 시스템 (5단계) | D15: 유지력 시스템 구현 | E15: o
A16: 14 | B16: 2024-12-07 | C16: 무게에 따른 유지력 감소 및 UI 프로토타입 (5단계) | D16: 무거운 오브젝트 처리 | F16: UI 프로토타입 완료 아이템 및 인벤토리 추가 시 변경
A17: 15 | B17: 2024-12-08 | C17: 말랑한 형태의 몸통 모델링 | D17: 젤리 바디 모델링 시작
A18: 16 | B18: 2024-12-09 | C18: 기본 바디 모델링 완료 (5단계) | D18: 젤리 바디 완성 | E18: o | F18: 캐릭터 종류 추가 필요
A19: 17 | B19: 2024-12-10 | C19: 젤리 재질 적용 준비 | D19: 반투명 재질 준비
A20: 18 | B20: 2024-12-11 | C20: 파츠별 소켓 시스템 설계 포함 (5단계) | D20: 팔 모델링
A21: 19 | B21: 2024-12-12 | C21: 다리 파츠 완성 (5단계) | D21: 다리 모델링
A22: 20 | B22: 2024-12-13 | C22: 리깅 및 애니메이션 준비 (5단계) | D22: Unity 모델 연결
A23: 21 | B23: 2024-12-14 | C23: Unity에서 젤리 머티리얼 테스트 | D23: 머티리얼 적용 테스트
A24: 22 | B24: 2024-12-15 | C24: 파츠 분리 시스템 구현 (5단계) | D24: 파츠 On/Off 시스템
A25: 23 | B25: 2024-12-16 | C25: 물리 기반 파츠 분리 (5단계) | D25: 충격/낙하 파츠 분리
A26: 24 | B26: 2024-12-17 | C26: 각 파츠의 독립적인 젤리량 관리 (5단계) | D26: 파츠 튕김 물리
A27: 25 | B27: 2024-12-18 | C27: 인벤토리 시스템 기본 구현 (5단계) | D27: 파츠 줍기·장착
A28: 26 | B28: 2024-12-19 | C28: 파츠 관리 UI 구현 | D28: 인벤토리 UI
A29: 27 | B29: 2024-12-20 | C29: 인벤토리 로직 완성 | D29: 파츠 장착/탈착 로직
A30: 28 | B30: 2024-12-21 | C30: 블록, 자동차 등 기본 장난감 제작 (5단계) | D30: 장난감 1~2종 모델링
... A99: 92 | B99: 2025-02-23 | C99: 스팀 데모 업로드 및 최종 점검 완료 (5단계) | D99: 스팀 데모 업로드

Sheet Progress Summary
A1: Category | B1: Tasks | C1: Progress
A2: 2인 화면 분할 | B2: 1 | C2: =COUNTIF('Daily Checklist'!E:E,"완료")/COUNTIF('Daily Checklist'!D:D,A2) -> 0
A3: 3인칭 이동·점프 구현 | B3: 1 | C3: =COUNTIF('Daily Checklist'!E:E,"완료")/COUNTIF('Daily Checklist'!D:D,A3) -> 0
A4: 3인칭 카메라 구현 | B4: 1 | C4: =COUNTIF('Daily Checklist'!E:E,"완료")/COUNTIF('Daily Checklist'!D:D,A4) -> 0
A5: 4인 분할 화면 | B5: 1 | C5: =COUNTIF('Daily Checklist'!E:E,"완료")/COUNTIF('Daily Checklist'!D:D,A5) -> 0
A6: 4인 플레이 테스트 | B6: 1 | C6: =COUNTIF('Daily Checklist'!E:E,"완료")/COUNTIF('Daily Checklist'!D:D,A6) -> 0
A7: Animator Controller | B7: 1 | C7: =COUNTIF('Daily Checklist'!E:E,"완료")/COUNTIF('Daily Checklist'!D:D,A7) -> 0
A8: Blender 기초 학습 | B8: 1 | C8: =COUNTIF('Daily Checklist'!E:E,"완료")/COUNTIF('Daily Checklist'!D:D,A8) -> 0
A9: Cinemachine 설정 | B9: 1 | C9: =COUNTIF('Daily Checklist'!E:E,"완료")/COUNTIF('Daily Checklist'!D:D,A9) -> 0
A10: Idle 애니메이션 | B10: 1 | C10: =COUNTIF('Daily Checklist'!E:E,"완료")/COUNTIF('Daily Checklist'!D:D,A10) -> 0
A11: Input System 구축 | B11: 1 | C11: =COUNTIF('Daily Checklist'!E:E,"완료")/COUNTIF('Daily Checklist'!D:D,A11) -> 0
A12: Jump 애니메이션 | B12: 1 | C12: =COUNTIF('Daily Checklist'!E:E,"완료")/COUNTIF('Daily Checklist'!D:D,A12) -> 0
A13: Month 1 마일스톤 | B13: 1 | C13: =COUNTIF('Daily Checklist'!E:E,"완료")/COUNTIF('Daily Checklist'!D:D,A13) -> 0
... A97: 환경 디테일 추가 | B97: 1 | C97: =COUNTIF('Daily Checklist'!E:E,"완료")/COUNTIF('Daily Checklist'!D:D,A97) -> 0

Sheet Weekly Overview
A1: Week | B1: Days | C1: Focus Area
A2: Week 1 | B2: Day 1-7 | C2: 프로젝트 초기 설정 - Input System, 3인칭 이동·점프, 테스트 환경, Blender 기초
A3: Week 2 | B3: Day 8-14 | C3: 카메라 & Stick 시스템 - Cinemachine, Stick Raycast, 유지력 시스템
A4: Week 3 | B4: Day 15-21 | C4: 젤리 캐릭터 모델링 - 바디, 팔, 다리, Unity 연결
A5: Week 4 | B5: Day 22-30 | C5: 파츠 시스템 완성 - 파츠 분리, 인벤토리, 장난감 오브젝트 [마일스톤: 1인 플레이 가능]
A6: Week 5 | B6: Day 31-37 | C6: 멀티플레이 기반 - 통합 테스트, 2인/4인 화면 분할
A7: Week 6 | B7: Day 38-44 | C7: 애니메이션 시스템 - Idle, Jump, Stick Pose, Animator Controller
A8: Week 7 | B8: Day 45-51 | C8: 시스템 리팩토링 & UI - 코드 정리, 젤리량/유지력 UI, 메뉴
A9: Week 8 | B9: Day 52-61 | C9: 아트 작업 1차 - 젤리 재질, 장난감 텍스처, 추가 모델링 [마일스톤: 멀티+아트 완성]
A10: Week 9 | B10: Day 62-68 | C10: 협동 기믹 - 협동 오브젝트, 발판, 레버, 기차, 플랫폼
A11: Week 10 | B11: Day 69-75 | C11: Stage 1 구성 - 장난감 더미, Stick 활용, 협동 기믹 배치
A12: Week 11 | B12: Day 76-82 | C12: Stage 2 구성 - 움직이는 장난감, 기차·차 플랫폼 [마일스톤: 데모 완성]
... A14: Week 13 | B14: Day 90-92 | C14: 사운드 & 출시 준비 - SFX, 폴리싱, 스팀 데모 [마일스톤: 출시 준비 완료]
